from,to,type,weight
artist_1,genre_0,HAS_GENRE,1
artist_1,genre_1,HAS_GENRE,1
artist_2,genre_2,HAS_GENRE,1
artist_2,genre_0,HAS_GENRE,1
artist_2,genre_3,HAS_GENRE,1
artist_2,genre_4,HAS_GENRE,1
artist_3,genre_4,HAS_GENRE,1
artist_3,genre_5,HAS_GENRE,1
artist_3,genre_0,HAS_GENRE,1
artist_3,genre_2,HAS_GENRE,1
artist_14,genre_0,HAS_GENRE,1
artist_14,genre_6,HAS_GENRE,1
artist_14,genre_2,HAS_GENRE,1
artist_14,genre_4,HAS_GENRE,1
artist_14,genre_10,HAS_GENRE,1
artist_16,genre_11,HAS_GENRE,1
artist_16,genre_12,HAS_GENRE,1
artist_16,genre_13,HAS_GENRE,1
artist_16,genre_14,HAS_GENRE,1
artist_16,genre_15,HAS_GENRE,1
artist_17,genre_16,HAS_GENRE,1
artist_18,genre_17,HAS_GENRE,1
artist_18,genre_18,HAS_GENRE,1
artist_18,genre_19,HAS_GENRE,1
artist_18,genre_3,HAS_GENRE,1
artist_18,genre_20,HAS_GENRE,1
artist_21,genre_22,HAS_GENRE,1
artist_21,genre_23,HAS_GENRE,1
artist_21,genre_24,HAS_GENRE,1
artist_21,genre_25,HAS_GENRE,1
artist_21,genre_26,HAS_GENRE,1
artist_22,genre_27,HAS_GENRE,1
artist_22,genre_28,HAS_GENRE,1
artist_24,genre_0,HAS_GENRE,1
artist_24,genre_29,HAS_GENRE,1
artist_24,genre_30,HAS_GENRE,1
artist_24,genre_31,HAS_GENRE,1
artist_25,genre_0,HAS_GENRE,1
artist_25,genre_4,HAS_GENRE,1
artist_27,genre_37,HAS_GENRE,1
artist_27,genre_38,HAS_GENRE,1
artist_27,genre_39,HAS_GENRE,1
artist_27,genre_17,HAS_GENRE,1
artist_29,genre_22,HAS_GENRE,1
artist_29,genre_40,HAS_GENRE,1
artist_29,genre_25,HAS_GENRE,1
artist_29,genre_41,HAS_GENRE,1
artist_33,genre_4,HAS_GENRE,1
artist_33,genre_2,HAS_GENRE,1
artist_33,genre_52,HAS_GENRE,1
artist_34,genre_53,HAS_GENRE,1
artist_34,genre_54,HAS_GENRE,1
artist_34,genre_17,HAS_GENRE,1
artist_34,genre_10,HAS_GENRE,1
artist_35,genre_55,HAS_GENRE,1
artist_36,genre_0,HAS_GENRE,1
artist_36,genre_56,HAS_GENRE,1
artist_36,genre_4,HAS_GENRE,1
artist_37,genre_0,HAS_GENRE,1
artist_37,genre_54,HAS_GENRE,1
artist_41,genre_0,HAS_GENRE,1
artist_41,genre_17,HAS_GENRE,1
artist_41,genre_54,HAS_GENRE,1
artist_41,genre_29,HAS_GENRE,1
artist_41,genre_57,HAS_GENRE,1
artist_43,genre_61,HAS_GENRE,1
artist_43,genre_4,HAS_GENRE,1
artist_43,genre_62,HAS_GENRE,1
artist_46,genre_17,HAS_GENRE,1
artist_46,genre_20,HAS_GENRE,1
artist_46,genre_0,HAS_GENRE,1
artist_47,genre_68,HAS_GENRE,1
artist_47,genre_69,HAS_GENRE,1
artist_47,genre_70,HAS_GENRE,1
artist_47,genre_71,HAS_GENRE,1
artist_47,genre_38,HAS_GENRE,1
artist_47,genre_72,HAS_GENRE,1
artist_50,genre_0,HAS_GENRE,1
artist_50,genre_73,HAS_GENRE,1
artist_50,genre_74,HAS_GENRE,1
artist_50,genre_2,HAS_GENRE,1
artist_50,genre_75,HAS_GENRE,1
artist_52,genre_0,HAS_GENRE,1
artist_58,genre_0,HAS_GENRE,1
artist_58,genre_82,HAS_GENRE,1
artist_58,genre_54,HAS_GENRE,1
artist_60,genre_4,HAS_GENRE,1
artist_60,genre_0,HAS_GENRE,1
artist_63,genre_83,HAS_GENRE,1
artist_63,genre_0,HAS_GENRE,1
artist_66,genre_0,HAS_GENRE,1
artist_66,genre_4,HAS_GENRE,1
artist_66,genre_2,HAS_GENRE,1
artist_66,genre_46,HAS_GENRE,1
artist_67,genre_0,HAS_GENRE,1
artist_67,genre_84,HAS_GENRE,1
artist_67,genre_85,HAS_GENRE,1
artist_67,genre_86,HAS_GENRE,1
artist_67,genre_87,HAS_GENRE,1
artist_70,genre_36,HAS_GENRE,1
artist_70,genre_34,HAS_GENRE,1
artist_70,genre_0,HAS_GENRE,1
artist_70,genre_83,HAS_GENRE,1
artist_70,genre_88,HAS_GENRE,1
artist_70,genre_69,HAS_GENRE,1
artist_74,genre_6,HAS_GENRE,1
artist_75,genre_4,HAS_GENRE,1
artist_75,genre_2,HAS_GENRE,1
artist_75,genre_22,HAS_GENRE,1
artist_75,genre_17,HAS_GENRE,1
artist_75,genre_23,HAS_GENRE,1
artist_75,genre_75,HAS_GENRE,1
artist_76,genre_89,HAS_GENRE,1
artist_76,genre_90,HAS_GENRE,1
artist_76,genre_91,HAS_GENRE,1
artist_76,genre_92,HAS_GENRE,1
artist_76,genre_93,HAS_GENRE,1
artist_76,genre_94,HAS_GENRE,1
artist_76,genre_95,HAS_GENRE,1
artist_77,genre_0,HAS_GENRE,1
artist_77,genre_4,HAS_GENRE,1
artist_77,genre_2,HAS_GENRE,1
artist_77,genre_23,HAS_GENRE,1
artist_79,genre_17,HAS_GENRE,1
artist_79,genre_96,HAS_GENRE,1
artist_79,genre_46,HAS_GENRE,1
artist_83,genre_5,HAS_GENRE,1
artist_83,genre_4,HAS_GENRE,1
artist_83,genre_22,HAS_GENRE,1
artist_83,genre_0,HAS_GENRE,1
artist_83,genre_97,HAS_GENRE,1
artist_85,genre_0,HAS_GENRE,1
artist_85,genre_4,HAS_GENRE,1
artist_86,genre_61,HAS_GENRE,1
artist_86,genre_54,HAS_GENRE,1
artist_86,genre_98,HAS_GENRE,1
artist_86,genre_62,HAS_GENRE,1
artist_88,genre_23,HAS_GENRE,1
artist_88,genre_99,HAS_GENRE,1
artist_88,genre_100,HAS_GENRE,1
artist_88,genre_18,HAS_GENRE,1
artist_88,genre_34,HAS_GENRE,1
artist_88,genre_4,HAS_GENRE,1
artist_88,genre_2,HAS_GENRE,1
artist_88,genre_101,HAS_GENRE,1
artist_88,genre_85,HAS_GENRE,1
artist_88,genre_102,HAS_GENRE,1
artist_90,genre_103,HAS_GENRE,1
artist_90,genre_104,HAS_GENRE,1
artist_90,genre_105,HAS_GENRE,1
artist_90,genre_106,HAS_GENRE,1
artist_90,genre_107,HAS_GENRE,1
artist_90,genre_108,HAS_GENRE,1
artist_90,genre_4,HAS_GENRE,1
artist_92,genre_97,HAS_GENRE,1
artist_92,genre_2,HAS_GENRE,1
artist_92,genre_0,HAS_GENRE,1
artist_92,genre_73,HAS_GENRE,1
artist_92,genre_87,HAS_GENRE,1
artist_94,genre_0,HAS_GENRE,1
artist_94,genre_22,HAS_GENRE,1
artist_94,genre_20,HAS_GENRE,1
artist_94,genre_24,HAS_GENRE,1
artist_95,genre_4,HAS_GENRE,1
artist_95,genre_0,HAS_GENRE,1
artist_95,genre_2,HAS_GENRE,1
artist_98,genre_0,HAS_GENRE,1
artist_98,genre_4,HAS_GENRE,1
artist_98,genre_6,HAS_GENRE,1
artist_98,genre_46,HAS_GENRE,1
artist_100,genre_109,HAS_GENRE,1
artist_100,genre_110,HAS_GENRE,1
artist_100,genre_111,HAS_GENRE,1
artist_100,genre_112,HAS_GENRE,1
artist_101,genre_22,HAS_GENRE,1
artist_101,genre_20,HAS_GENRE,1
artist_101,genre_113,HAS_GENRE,1
artist_101,genre_18,HAS_GENRE,1
artist_101,genre_74,HAS_GENRE,1
artist_101,genre_23,HAS_GENRE,1
artist_101,genre_114,HAS_GENRE,1
artist_101,genre_33,HAS_GENRE,1
artist_107,genre_4,HAS_GENRE,1
artist_107,genre_2,HAS_GENRE,1
artist_107,genre_116,HAS_GENRE,1
artist_107,genre_5,HAS_GENRE,1
artist_107,genre_85,HAS_GENRE,1
artist_108,genre_117,HAS_GENRE,1
artist_108,genre_118,HAS_GENRE,1
artist_108,genre_119,HAS_GENRE,1
artist_108,genre_120,HAS_GENRE,1
artist_108,genre_121,HAS_GENRE,1
artist_109,genre_84,HAS_GENRE,1
artist_109,genre_122,HAS_GENRE,1
artist_109,genre_85,HAS_GENRE,1
artist_109,genre_71,HAS_GENRE,1
artist_109,genre_123,HAS_GENRE,1
artist_112,genre_0,HAS_GENRE,1
artist_113,genre_22,HAS_GENRE,1
artist_113,genre_34,HAS_GENRE,1
artist_113,genre_18,HAS_GENRE,1
artist_113,genre_124,HAS_GENRE,1
artist_113,genre_5,HAS_GENRE,1
artist_113,genre_125,HAS_GENRE,1
artist_113,genre_3,HAS_GENRE,1
artist_114,genre_127,HAS_GENRE,1
artist_114,genre_4,HAS_GENRE,1
artist_114,genre_2,HAS_GENRE,1
artist_114,genre_0,HAS_GENRE,1
artist_114,genre_87,HAS_GENRE,1
artist_116,genre_129,HAS_GENRE,1
artist_116,genre_130,HAS_GENRE,1
artist_116,genre_131,HAS_GENRE,1
artist_116,genre_132,HAS_GENRE,1
artist_116,genre_133,HAS_GENRE,1
artist_116,genre_31,HAS_GENRE,1
artist_117,genre_134,HAS_GENRE,1
artist_118,genre_135,HAS_GENRE,1
artist_118,genre_136,HAS_GENRE,1
artist_118,genre_25,HAS_GENRE,1
artist_118,genre_20,HAS_GENRE,1
artist_118,genre_137,HAS_GENRE,1
artist_118,genre_26,HAS_GENRE,1
artist_118,genre_138,HAS_GENRE,1
artist_118,genre_17,HAS_GENRE,1
artist_123,genre_4,HAS_GENRE,1
artist_123,genre_0,HAS_GENRE,1
artist_123,genre_6,HAS_GENRE,1
artist_123,genre_46,HAS_GENRE,1
artist_126,genre_38,HAS_GENRE,1
artist_126,genre_34,HAS_GENRE,1
artist_126,genre_55,HAS_GENRE,1
artist_126,genre_72,HAS_GENRE,1
artist_127,genre_4,HAS_GENRE,1
artist_127,genre_139,HAS_GENRE,1
artist_127,genre_0,HAS_GENRE,1
artist_130,genre_33,HAS_GENRE,1
artist_130,genre_0,HAS_GENRE,1
artist_130,genre_22,HAS_GENRE,1
artist_132,genre_0,HAS_GENRE,1
artist_132,genre_4,HAS_GENRE,1
artist_132,genre_2,HAS_GENRE,1
artist_132,genre_5,HAS_GENRE,1
artist_134,genre_17,HAS_GENRE,1
artist_134,genre_143,HAS_GENRE,1
artist_138,genre_0,HAS_GENRE,1
artist_138,genre_4,HAS_GENRE,1
artist_139,genre_3,HAS_GENRE,1
artist_139,genre_23,HAS_GENRE,1
artist_139,genre_18,HAS_GENRE,1
artist_140,genre_0,HAS_GENRE,1
artist_140,genre_17,HAS_GENRE,1
artist_140,genre_24,HAS_GENRE,1
artist_143,genre_34,HAS_GENRE,1
artist_143,genre_0,HAS_GENRE,1
artist_143,genre_36,HAS_GENRE,1
artist_143,genre_33,HAS_GENRE,1
artist_143,genre_144,HAS_GENRE,1
artist_143,genre_4,HAS_GENRE,1
artist_143,genre_2,HAS_GENRE,1
artist_144,genre_145,HAS_GENRE,1
artist_146,genre_0,HAS_GENRE,1
artist_146,genre_46,HAS_GENRE,1
artist_146,genre_87,HAS_GENRE,1
artist_146,genre_24,HAS_GENRE,1
artist_146,genre_22,HAS_GENRE,1
artist_150,genre_4,HAS_GENRE,1
artist_150,genre_0,HAS_GENRE,1
artist_150,genre_6,HAS_GENRE,1
artist_150,genre_2,HAS_GENRE,1
artist_151,genre_2,HAS_GENRE,1
artist_152,genre_26,HAS_GENRE,1
artist_152,genre_25,HAS_GENRE,1
artist_152,genre_18,HAS_GENRE,1
artist_156,genre_97,HAS_GENRE,1
artist_156,genre_0,HAS_GENRE,1
artist_156,genre_17,HAS_GENRE,1
artist_156,genre_146,HAS_GENRE,1
artist_157,genre_0,HAS_GENRE,1
artist_159,genre_74,HAS_GENRE,1
artist_159,genre_1,HAS_GENRE,1
artist_159,genre_22,HAS_GENRE,1
artist_159,genre_106,HAS_GENRE,1
artist_160,genre_0,HAS_GENRE,1
artist_160,genre_96,HAS_GENRE,1
artist_161,genre_20,HAS_GENRE,1
artist_161,genre_63,HAS_GENRE,1
artist_161,genre_17,HAS_GENRE,1
artist_161,genre_91,HAS_GENRE,1
artist_161,genre_29,HAS_GENRE,1
artist_161,genre_147,HAS_GENRE,1
artist_161,genre_31,HAS_GENRE,1
artist_161,genre_148,HAS_GENRE,1
artist_164,genre_0,HAS_GENRE,1
artist_166,genre_17,HAS_GENRE,1
artist_166,genre_20,HAS_GENRE,1
artist_166,genre_149,HAS_GENRE,1
artist_166,genre_2,HAS_GENRE,1
artist_166,genre_4,HAS_GENRE,1
artist_166,genre_0,HAS_GENRE,1
artist_170,genre_2,HAS_GENRE,1
artist_170,genre_85,HAS_GENRE,1
artist_170,genre_23,HAS_GENRE,1
artist_170,genre_4,HAS_GENRE,1
artist_170,genre_144,HAS_GENRE,1
artist_170,genre_5,HAS_GENRE,1
artist_170,genre_22,HAS_GENRE,1
artist_174,genre_22,HAS_GENRE,1
artist_174,genre_40,HAS_GENRE,1
artist_174,genre_25,HAS_GENRE,1
artist_174,genre_41,HAS_GENRE,1
artist_174,genre_150,HAS_GENRE,1
artist_174,genre_151,HAS_GENRE,1
artist_174,genre_85,HAS_GENRE,1
artist_177,genre_152,HAS_GENRE,1
artist_177,genre_0,HAS_GENRE,1
artist_181,genre_2,HAS_GENRE,1
artist_181,genre_4,HAS_GENRE,1
artist_181,genre_153,HAS_GENRE,1
artist_181,genre_23,HAS_GENRE,1
artist_181,genre_5,HAS_GENRE,1
artist_182,genre_22,HAS_GENRE,1
artist_182,genre_74,HAS_GENRE,1
artist_182,genre_154,HAS_GENRE,1
artist_182,genre_25,HAS_GENRE,1
artist_182,genre_155,HAS_GENRE,1
artist_184,genre_156,HAS_GENRE,1
artist_184,genre_157,HAS_GENRE,1
artist_184,genre_31,HAS_GENRE,1
artist_190,genre_0,HAS_GENRE,1
artist_190,genre_17,HAS_GENRE,1
artist_191,genre_4,HAS_GENRE,1
artist_191,genre_158,HAS_GENRE,1
artist_193,genre_0,HAS_GENRE,1
artist_193,genre_73,HAS_GENRE,1
artist_193,genre_85,HAS_GENRE,1
artist_194,genre_0,HAS_GENRE,1
artist_194,genre_22,HAS_GENRE,1
artist_194,genre_73,HAS_GENRE,1
artist_194,genre_75,HAS_GENRE,1
artist_194,genre_3,HAS_GENRE,1
artist_194,genre_87,HAS_GENRE,1
artist_194,genre_5,HAS_GENRE,1
artist_196,genre_61,HAS_GENRE,1
artist_196,genre_4,HAS_GENRE,1
artist_196,genre_46,HAS_GENRE,1
artist_196,genre_159,HAS_GENRE,1
artist_200,genre_0,HAS_GENRE,1
artist_200,genre_29,HAS_GENRE,1
artist_200,genre_54,HAS_GENRE,1
artist_200,genre_87,HAS_GENRE,1
artist_200,genre_160,HAS_GENRE,1
artist_200,genre_17,HAS_GENRE,1
artist_201,genre_161,HAS_GENRE,1
artist_201,genre_34,HAS_GENRE,1
artist_201,genre_0,HAS_GENRE,1
artist_201,genre_17,HAS_GENRE,1
artist_201,genre_162,HAS_GENRE,1
artist_202,genre_0,HAS_GENRE,1
artist_202,genre_4,HAS_GENRE,1
artist_202,genre_163,HAS_GENRE,1
artist_202,genre_2,HAS_GENRE,1
artist_202,genre_6,HAS_GENRE,1
artist_203,genre_0,HAS_GENRE,1
artist_203,genre_46,HAS_GENRE,1
artist_203,genre_164,HAS_GENRE,1
artist_203,genre_4,HAS_GENRE,1
artist_205,genre_0,HAS_GENRE,1
artist_205,genre_29,HAS_GENRE,1
artist_205,genre_4,HAS_GENRE,1
artist_205,genre_165,HAS_GENRE,1
artist_207,genre_0,HAS_GENRE,1
artist_207,genre_4,HAS_GENRE,1
artist_209,genre_0,HAS_GENRE,1
artist_210,genre_0,HAS_GENRE,1
artist_210,genre_4,HAS_GENRE,1
artist_210,genre_54,HAS_GENRE,1
artist_210,genre_29,HAS_GENRE,1
artist_214,genre_0,HAS_GENRE,1
artist_214,genre_17,HAS_GENRE,1
artist_214,genre_174,HAS_GENRE,1
artist_215,genre_4,HAS_GENRE,1
artist_215,genre_2,HAS_GENRE,1
artist_215,genre_0,HAS_GENRE,1
artist_215,genre_6,HAS_GENRE,1
artist_216,genre_173,HAS_GENRE,1
artist_216,genre_0,HAS_GENRE,1
artist_216,genre_175,HAS_GENRE,1
artist_217,genre_0,HAS_GENRE,1
artist_221,genre_20,HAS_GENRE,1
artist_224,genre_173,HAS_GENRE,1
artist_224,genre_176,HAS_GENRE,1
artist_224,genre_0,HAS_GENRE,1
artist_224,genre_177,HAS_GENRE,1
artist_224,genre_144,HAS_GENRE,1
artist_225,genre_4,HAS_GENRE,1
artist_225,genre_6,HAS_GENRE,1
artist_225,genre_0,HAS_GENRE,1
artist_226,genre_105,HAS_GENRE,1
artist_226,genre_29,HAS_GENRE,1
artist_226,genre_91,HAS_GENRE,1
artist_226,genre_22,HAS_GENRE,1
artist_229,genre_0,HAS_GENRE,1
artist_229,genre_69,HAS_GENRE,1
artist_229,genre_73,HAS_GENRE,1
artist_229,genre_178,HAS_GENRE,1
artist_229,genre_75,HAS_GENRE,1
artist_231,genre_4,HAS_GENRE,1
artist_234,genre_179,HAS_GENRE,1
artist_234,genre_180,HAS_GENRE,1
artist_235,genre_54,HAS_GENRE,1
artist_235,genre_46,HAS_GENRE,1
artist_235,genre_181,HAS_GENRE,1
artist_235,genre_4,HAS_GENRE,1
artist_235,genre_182,HAS_GENRE,1
artist_235,genre_12,HAS_GENRE,1
artist_237,genre_6,HAS_GENRE,1
artist_237,genre_7,HAS_GENRE,1
artist_238,genre_0,HAS_GENRE,1
artist_238,genre_4,HAS_GENRE,1
artist_238,genre_2,HAS_GENRE,1
artist_241,genre_4,HAS_GENRE,1
artist_241,genre_2,HAS_GENRE,1
artist_241,genre_153,HAS_GENRE,1
artist_241,genre_23,HAS_GENRE,1
artist_241,genre_144,HAS_GENRE,1
artist_247,genre_4,HAS_GENRE,1
artist_247,genre_0,HAS_GENRE,1
artist_248,genre_0,HAS_GENRE,1
artist_248,genre_17,HAS_GENRE,1
artist_248,genre_46,HAS_GENRE,1
artist_248,genre_87,HAS_GENRE,1
artist_248,genre_5,HAS_GENRE,1
artist_249,genre_0,HAS_GENRE,1
artist_249,genre_189,HAS_GENRE,1
artist_249,genre_46,HAS_GENRE,1
artist_250,genre_4,HAS_GENRE,1
artist_251,genre_22,HAS_GENRE,1
artist_251,genre_0,HAS_GENRE,1
artist_252,genre_190,HAS_GENRE,1
artist_252,genre_0,HAS_GENRE,1
artist_253,genre_2,HAS_GENRE,1
artist_253,genre_3,HAS_GENRE,1
artist_253,genre_191,HAS_GENRE,1
artist_253,genre_4,HAS_GENRE,1
artist_253,genre_85,HAS_GENRE,1
artist_254,genre_2,HAS_GENRE,1
artist_254,genre_4,HAS_GENRE,1
artist_254,genre_23,HAS_GENRE,1
artist_254,genre_85,HAS_GENRE,1
artist_254,genre_5,HAS_GENRE,1
artist_257,genre_0,HAS_GENRE,1
artist_257,genre_29,HAS_GENRE,1
artist_257,genre_54,HAS_GENRE,1
artist_257,genre_192,HAS_GENRE,1
artist_257,genre_17,HAS_GENRE,1
artist_257,genre_193,HAS_GENRE,1
artist_261,genre_0,HAS_GENRE,1
artist_263,genre_173,HAS_GENRE,1
artist_263,genre_0,HAS_GENRE,1
artist_263,genre_75,HAS_GENRE,1
artist_263,genre_73,HAS_GENRE,1
artist_263,genre_194,HAS_GENRE,1
artist_263,genre_195,HAS_GENRE,1
artist_273,genre_61,HAS_GENRE,1
artist_273,genre_28,HAS_GENRE,1
artist_273,genre_54,HAS_GENRE,1
artist_273,genre_196,HAS_GENRE,1
artist_274,genre_86,HAS_GENRE,1
artist_274,genre_0,HAS_GENRE,1
artist_274,genre_22,HAS_GENRE,1
artist_274,genre_59,HAS_GENRE,1
artist_275,genre_0,HAS_GENRE,1
artist_275,genre_2,HAS_GENRE,1
artist_275,genre_4,HAS_GENRE,1
artist_275,genre_52,HAS_GENRE,1
artist_275,genre_6,HAS_GENRE,1
artist_276,genre_22,HAS_GENRE,1
artist_276,genre_23,HAS_GENRE,1
artist_276,genre_18,HAS_GENRE,1
artist_276,genre_4,HAS_GENRE,1
artist_276,genre_197,HAS_GENRE,1
artist_280,genre_6,HAS_GENRE,1
artist_280,genre_4,HAS_GENRE,1
artist_281,genre_0,HAS_GENRE,1
artist_281,genre_2,HAS_GENRE,1
artist_281,genre_198,HAS_GENRE,1
artist_281,genre_199,HAS_GENRE,1
artist_283,genre_54,HAS_GENRE,1
artist_283,genre_29,HAS_GENRE,1
artist_283,genre_200,HAS_GENRE,1
artist_283,genre_201,HAS_GENRE,1
artist_283,genre_202,HAS_GENRE,1
artist_283,genre_31,HAS_GENRE,1
artist_283,genre_203,HAS_GENRE,1
artist_283,genre_118,HAS_GENRE,1
artist_284,genre_55,HAS_GENRE,1
artist_287,genre_0,HAS_GENRE,1
artist_287,genre_4,HAS_GENRE,1
artist_287,genre_2,HAS_GENRE,1
artist_299,genre_4,HAS_GENRE,1
artist_299,genre_2,HAS_GENRE,1
artist_299,genre_35,HAS_GENRE,1
artist_310,genre_4,HAS_GENRE,1
artist_310,genre_5,HAS_GENRE,1
artist_311,genre_199,HAS_GENRE,1
artist_311,genre_222,HAS_GENRE,1
artist_317,genre_4,HAS_GENRE,1
artist_317,genre_6,HAS_GENRE,1
artist_317,genre_2,HAS_GENRE,1
artist_317,genre_223,HAS_GENRE,1
artist_317,genre_191,HAS_GENRE,1
artist_317,genre_0,HAS_GENRE,1
artist_317,genre_46,HAS_GENRE,1
artist_325,genre_63,HAS_GENRE,1
artist_325,genre_91,HAS_GENRE,1
artist_325,genre_90,HAS_GENRE,1
artist_325,genre_234,HAS_GENRE,1
artist_326,genre_0,HAS_GENRE,1
artist_326,genre_2,HAS_GENRE,1
artist_326,genre_54,HAS_GENRE,1
artist_326,genre_235,HAS_GENRE,1
artist_326,genre_4,HAS_GENRE,1
artist_331,genre_239,HAS_GENRE,1
artist_331,genre_240,HAS_GENRE,1
artist_331,genre_241,HAS_GENRE,1
artist_331,genre_242,HAS_GENRE,1
artist_331,genre_243,HAS_GENRE,1
artist_331,genre_244,HAS_GENRE,1
artist_337,genre_4,HAS_GENRE,1
artist_346,genre_17,HAS_GENRE,1
artist_346,genre_4,HAS_GENRE,1
artist_346,genre_149,HAS_GENRE,1
artist_347,genre_4,HAS_GENRE,1
artist_347,genre_6,HAS_GENRE,1
artist_347,genre_246,HAS_GENRE,1
artist_350,genre_247,HAS_GENRE,1
artist_350,genre_248,HAS_GENRE,1
artist_350,genre_249,HAS_GENRE,1
artist_351,genre_250,HAS_GENRE,1
artist_353,genre_0,HAS_GENRE,1
artist_353,genre_4,HAS_GENRE,1
artist_356,genre_17,HAS_GENRE,1
artist_356,genre_73,HAS_GENRE,1
artist_356,genre_41,HAS_GENRE,1
artist_356,genre_252,HAS_GENRE,1
artist_357,genre_6,HAS_GENRE,1
artist_357,genre_4,HAS_GENRE,1
artist_357,genre_0,HAS_GENRE,1
artist_357,genre_193,HAS_GENRE,1
artist_359,genre_4,HAS_GENRE,1
artist_359,genre_2,HAS_GENRE,1
artist_359,genre_5,HAS_GENRE,1
artist_359,genre_171,HAS_GENRE,1
artist_359,genre_34,HAS_GENRE,1
artist_360,genre_254,HAS_GENRE,1
artist_360,genre_255,HAS_GENRE,1
artist_360,genre_256,HAS_GENRE,1
artist_360,genre_257,HAS_GENRE,1
artist_362,genre_91,HAS_GENRE,1
artist_362,genre_20,HAS_GENRE,1
artist_362,genre_108,HAS_GENRE,1
artist_362,genre_9,HAS_GENRE,1
artist_368,genre_55,HAS_GENRE,1
artist_370,genre_0,HAS_GENRE,1
artist_370,genre_261,HAS_GENRE,1
artist_370,genre_196,HAS_GENRE,1
artist_370,genre_6,HAS_GENRE,1
artist_376,genre_263,HAS_GENRE,1
artist_376,genre_4,HAS_GENRE,1
artist_376,genre_0,HAS_GENRE,1
artist_376,genre_264,HAS_GENRE,1
artist_376,genre_35,HAS_GENRE,1
artist_381,genre_199,HAS_GENRE,1
artist_382,genre_269,HAS_GENRE,1
artist_382,genre_270,HAS_GENRE,1
artist_382,genre_40,HAS_GENRE,1
artist_382,genre_208,HAS_GENRE,1
artist_382,genre_113,HAS_GENRE,1
artist_392,genre_54,HAS_GENRE,1
artist_392,genre_29,HAS_GENRE,1
artist_392,genre_199,HAS_GENRE,1
artist_392,genre_272,HAS_GENRE,1
artist_392,genre_273,HAS_GENRE,1
artist_392,genre_189,HAS_GENRE,1
artist_395,genre_20,HAS_GENRE,1
artist_395,genre_63,HAS_GENRE,1
artist_395,genre_224,HAS_GENRE,1
artist_395,genre_97,HAS_GENRE,1
artist_395,genre_154,HAS_GENRE,1
artist_398,genre_59,HAS_GENRE,1
artist_398,genre_278,HAS_GENRE,1
artist_401,genre_0,HAS_GENRE,1
artist_401,genre_279,HAS_GENRE,1
artist_402,genre_164,HAS_GENRE,1
artist_402,genre_0,HAS_GENRE,1
artist_402,genre_4,HAS_GENRE,1
artist_402,genre_6,HAS_GENRE,1
artist_404,genre_54,HAS_GENRE,1
artist_404,genre_73,HAS_GENRE,1
artist_404,genre_280,HAS_GENRE,1
artist_408,genre_281,HAS_GENRE,1
artist_408,genre_23,HAS_GENRE,1
artist_408,genre_18,HAS_GENRE,1
artist_408,genre_2,HAS_GENRE,1
artist_408,genre_22,HAS_GENRE,1
artist_408,genre_85,HAS_GENRE,1
artist_414,genre_282,HAS_GENRE,1
artist_414,genre_283,HAS_GENRE,1
artist_414,genre_284,HAS_GENRE,1
artist_414,genre_164,HAS_GENRE,1
artist_414,genre_285,HAS_GENRE,1
artist_414,genre_270,HAS_GENRE,1
artist_414,genre_286,HAS_GENRE,1
artist_419,genre_288,HAS_GENRE,1
artist_419,genre_289,HAS_GENRE,1
artist_419,genre_290,HAS_GENRE,1
artist_419,genre_291,HAS_GENRE,1
artist_420,genre_22,HAS_GENRE,1
artist_420,genre_40,HAS_GENRE,1
artist_420,genre_25,HAS_GENRE,1
artist_420,genre_73,HAS_GENRE,1
artist_420,genre_41,HAS_GENRE,1
artist_423,genre_6,HAS_GENRE,1
artist_423,genre_7,HAS_GENRE,1
artist_430,genre_252,HAS_GENRE,1
artist_432,genre_63,HAS_GENRE,1
artist_432,genre_20,HAS_GENRE,1
artist_432,genre_41,HAS_GENRE,1
artist_436,genre_124,HAS_GENRE,1
artist_436,genre_2,HAS_GENRE,1
artist_436,genre_23,HAS_GENRE,1
artist_436,genre_85,HAS_GENRE,1
artist_436,genre_173,HAS_GENRE,1
artist_436,genre_0,HAS_GENRE,1
artist_449,genre_0,HAS_GENRE,1
artist_449,genre_5,HAS_GENRE,1
artist_449,genre_4,HAS_GENRE,1
artist_449,genre_6,HAS_GENRE,1
artist_449,genre_22,HAS_GENRE,1
artist_449,genre_305,HAS_GENRE,1
artist_449,genre_306,HAS_GENRE,1
artist_449,genre_307,HAS_GENRE,1
artist_449,genre_308,HAS_GENRE,1
artist_453,genre_309,HAS_GENRE,1
artist_453,genre_310,HAS_GENRE,1
artist_453,genre_63,HAS_GENRE,1
artist_453,genre_169,HAS_GENRE,1
artist_454,genre_17,HAS_GENRE,1
artist_454,genre_20,HAS_GENRE,1
artist_454,genre_311,HAS_GENRE,1
artist_457,genre_0,HAS_GENRE,1
artist_457,genre_4,HAS_GENRE,1
artist_457,genre_7,HAS_GENRE,1
artist_458,genre_26,HAS_GENRE,1
artist_458,genre_25,HAS_GENRE,1
artist_458,genre_18,HAS_GENRE,1
artist_464,genre_192,HAS_GENRE,1
artist_464,genre_170,HAS_GENRE,1
artist_464,genre_4,HAS_GENRE,1
artist_464,genre_87,HAS_GENRE,1
artist_465,genre_17,HAS_GENRE,1
artist_465,genre_313,HAS_GENRE,1
artist_465,genre_0,HAS_GENRE,1
artist_466,genre_314,HAS_GENRE,1
artist_467,genre_0,HAS_GENRE,1
artist_467,genre_315,HAS_GENRE,1
artist_467,genre_4,HAS_GENRE,1
artist_472,genre_316,HAS_GENRE,1
artist_480,genre_4,HAS_GENRE,1
artist_481,genre_4,HAS_GENRE,1
artist_481,genre_171,HAS_GENRE,1
artist_481,genre_0,HAS_GENRE,1
artist_481,genre_2,HAS_GENRE,1
artist_481,genre_317,HAS_GENRE,1
artist_488,genre_2,HAS_GENRE,1
artist_488,genre_4,HAS_GENRE,1
artist_488,genre_164,HAS_GENRE,1
artist_491,genre_12,HAS_GENRE,1
artist_491,genre_192,HAS_GENRE,1
artist_491,genre_318,HAS_GENRE,1
artist_491,genre_319,HAS_GENRE,1
artist_491,genre_320,HAS_GENRE,1
artist_495,genre_0,HAS_GENRE,1
artist_497,genre_87,HAS_GENRE,1
artist_497,genre_2,HAS_GENRE,1
artist_497,genre_4,HAS_GENRE,1
artist_497,genre_22,HAS_GENRE,1
artist_497,genre_5,HAS_GENRE,1
artist_499,genre_22,HAS_GENRE,1
artist_499,genre_208,HAS_GENRE,1
artist_499,genre_40,HAS_GENRE,1
artist_499,genre_209,HAS_GENRE,1
artist_499,genre_125,HAS_GENRE,1
artist_499,genre_74,HAS_GENRE,1
artist_499,genre_321,HAS_GENRE,1
artist_499,genre_3,HAS_GENRE,1
artist_499,genre_211,HAS_GENRE,1
artist_501,genre_6,HAS_GENRE,1
artist_501,genre_322,HAS_GENRE,1
artist_501,genre_7,HAS_GENRE,1
artist_504,genre_20,HAS_GENRE,1
artist_504,genre_208,HAS_GENRE,1
artist_504,genre_17,HAS_GENRE,1
artist_512,genre_24,HAS_GENRE,1
artist_512,genre_23,HAS_GENRE,1
artist_512,genre_22,HAS_GENRE,1
artist_512,genre_35,HAS_GENRE,1
artist_512,genre_69,HAS_GENRE,1
artist_512,genre_84,HAS_GENRE,1
artist_512,genre_72,HAS_GENRE,1
artist_513,genre_91,HAS_GENRE,1
artist_513,genre_309,HAS_GENRE,1
artist_513,genre_324,HAS_GENRE,1
artist_513,genre_93,HAS_GENRE,1
artist_513,genre_325,HAS_GENRE,1
artist_513,genre_326,HAS_GENRE,1
artist_513,genre_327,HAS_GENRE,1
artist_516,genre_182,HAS_GENRE,1
artist_516,genre_328,HAS_GENRE,1
artist_521,genre_329,HAS_GENRE,1
artist_521,genre_330,HAS_GENRE,1
artist_521,genre_331,HAS_GENRE,1
artist_525,genre_334,HAS_GENRE,1
artist_530,genre_22,HAS_GENRE,1
artist_530,genre_0,HAS_GENRE,1
artist_530,genre_74,HAS_GENRE,1
artist_530,genre_125,HAS_GENRE,1
artist_530,genre_336,HAS_GENRE,1
artist_530,genre_337,HAS_GENRE,1
artist_530,genre_338,HAS_GENRE,1
artist_533,genre_339,HAS_GENRE,1
artist_533,genre_340,HAS_GENRE,1
artist_533,genre_63,HAS_GENRE,1
artist_533,genre_208,HAS_GENRE,1
artist_535,genre_0,HAS_GENRE,1
artist_535,genre_29,HAS_GENRE,1
artist_535,genre_46,HAS_GENRE,1
artist_536,genre_4,HAS_GENRE,1
artist_536,genre_2,HAS_GENRE,1
artist_537,genre_0,HAS_GENRE,1
artist_537,genre_54,HAS_GENRE,1
artist_544,genre_6,HAS_GENRE,1
artist_544,genre_9,HAS_GENRE,1
artist_544,genre_341,HAS_GENRE,1
artist_548,genre_54,HAS_GENRE,1
artist_549,genre_55,HAS_GENRE,1
artist_549,genre_96,HAS_GENRE,1
artist_557,genre_4,HAS_GENRE,1
artist_557,genre_344,HAS_GENRE,1
artist_557,genre_0,HAS_GENRE,1
artist_557,genre_345,HAS_GENRE,1
artist_562,genre_346,HAS_GENRE,1
artist_570,genre_46,HAS_GENRE,1
artist_570,genre_6,HAS_GENRE,1
artist_576,genre_0,HAS_GENRE,1
artist_576,genre_4,HAS_GENRE,1
artist_590,genre_0,HAS_GENRE,1
artist_590,genre_4,HAS_GENRE,1
artist_590,genre_6,HAS_GENRE,1
artist_598,genre_0,HAS_GENRE,1
artist_599,genre_0,HAS_GENRE,1
artist_600,genre_0,HAS_GENRE,1
artist_600,genre_347,HAS_GENRE,1
artist_600,genre_4,HAS_GENRE,1
artist_605,genre_91,HAS_GENRE,1
artist_605,genre_63,HAS_GENRE,1
artist_609,genre_314,HAS_GENRE,1
artist_609,genre_17,HAS_GENRE,1
artist_609,genre_20,HAS_GENRE,1
artist_612,genre_0,HAS_GENRE,1
artist_612,genre_53,HAS_GENRE,1
artist_612,genre_17,HAS_GENRE,1
artist_613,genre_46,HAS_GENRE,1
artist_613,genre_29,HAS_GENRE,1
artist_614,genre_4,HAS_GENRE,1
artist_614,genre_2,HAS_GENRE,1
artist_614,genre_0,HAS_GENRE,1
artist_614,genre_87,HAS_GENRE,1
artist_616,genre_348,HAS_GENRE,1
artist_616,genre_349,HAS_GENRE,1
artist_616,genre_350,HAS_GENRE,1
artist_618,genre_173,HAS_GENRE,1
artist_618,genre_22,HAS_GENRE,1
artist_618,genre_24,HAS_GENRE,1
artist_618,genre_0,HAS_GENRE,1
artist_618,genre_74,HAS_GENRE,1
artist_618,genre_265,HAS_GENRE,1
artist_619,genre_155,HAS_GENRE,1
artist_619,genre_337,HAS_GENRE,1
artist_619,genre_18,HAS_GENRE,1
artist_619,genre_351,HAS_GENRE,1
artist_619,genre_281,HAS_GENRE,1
artist_619,genre_34,HAS_GENRE,1
artist_625,genre_352,HAS_GENRE,1
artist_625,genre_353,HAS_GENRE,1
artist_625,genre_354,HAS_GENRE,1
artist_627,genre_20,HAS_GENRE,1
artist_627,genre_149,HAS_GENRE,1
artist_627,genre_17,HAS_GENRE,1
artist_627,genre_3,HAS_GENRE,1
artist_627,genre_357,HAS_GENRE,1
artist_627,genre_358,HAS_GENRE,1
artist_627,genre_359,HAS_GENRE,1
artist_627,genre_360,HAS_GENRE,1
artist_627,genre_361,HAS_GENRE,1
artist_633,genre_40,HAS_GENRE,1
artist_633,genre_362,HAS_GENRE,1
artist_633,genre_169,HAS_GENRE,1
artist_634,genre_0,HAS_GENRE,1
artist_634,genre_173,HAS_GENRE,1
artist_634,genre_22,HAS_GENRE,1
artist_634,genre_363,HAS_GENRE,1
artist_636,genre_364,HAS_GENRE,1
artist_636,genre_0,HAS_GENRE,1
artist_647,genre_20,HAS_GENRE,1
artist_647,genre_91,HAS_GENRE,1
artist_647,genre_309,HAS_GENRE,1
artist_648,genre_372,HAS_GENRE,1
artist_648,genre_7,HAS_GENRE,1
artist_648,genre_245,HAS_GENRE,1
artist_648,genre_20,HAS_GENRE,1
artist_648,genre_314,HAS_GENRE,1
artist_649,genre_189,HAS_GENRE,1
artist_649,genre_373,HAS_GENRE,1
artist_660,genre_334,HAS_GENRE,1
artist_660,genre_75,HAS_GENRE,1
artist_660,genre_54,HAS_GENRE,1
artist_660,genre_17,HAS_GENRE,1
artist_666,genre_55,HAS_GENRE,1
artist_673,genre_0,HAS_GENRE,1
artist_673,genre_4,HAS_GENRE,1
artist_678,genre_0,HAS_GENRE,1
artist_680,genre_0,HAS_GENRE,1
artist_683,genre_4,HAS_GENRE,1
artist_683,genre_46,HAS_GENRE,1
artist_684,genre_0,HAS_GENRE,1
artist_684,genre_46,HAS_GENRE,1
artist_684,genre_5,HAS_GENRE,1
artist_684,genre_2,HAS_GENRE,1
artist_684,genre_22,HAS_GENRE,1
artist_684,genre_25,HAS_GENRE,1
artist_685,genre_235,HAS_GENRE,1
artist_685,genre_312,HAS_GENRE,1
artist_685,genre_386,HAS_GENRE,1
artist_685,genre_199,HAS_GENRE,1
artist_685,genre_166,HAS_GENRE,1
artist_685,genre_387,HAS_GENRE,1
artist_688,genre_388,HAS_GENRE,1
artist_688,genre_17,HAS_GENRE,1
artist_688,genre_199,HAS_GENRE,1
artist_688,genre_53,HAS_GENRE,1
artist_688,genre_20,HAS_GENRE,1
artist_688,genre_331,HAS_GENRE,1
artist_688,genre_389,HAS_GENRE,1
artist_690,genre_0,HAS_GENRE,1
artist_690,genre_334,HAS_GENRE,1
artist_690,genre_390,HAS_GENRE,1
artist_690,genre_46,HAS_GENRE,1
artist_690,genre_391,HAS_GENRE,1
artist_690,genre_392,HAS_GENRE,1
artist_706,genre_314,HAS_GENRE,1
artist_706,genre_17,HAS_GENRE,1
artist_706,genre_20,HAS_GENRE,1
artist_706,genre_222,HAS_GENRE,1
artist_706,genre_339,HAS_GENRE,1
artist_706,genre_394,HAS_GENRE,1
artist_706,genre_189,HAS_GENRE,1
artist_709,genre_22,HAS_GENRE,1
artist_709,genre_0,HAS_GENRE,1
artist_712,genre_0,HAS_GENRE,1
artist_712,genre_347,HAS_GENRE,1
artist_712,genre_54,HAS_GENRE,1
artist_712,genre_96,HAS_GENRE,1
artist_713,genre_6,HAS_GENRE,1
artist_713,genre_105,HAS_GENRE,1
artist_713,genre_399,HAS_GENRE,1
artist_713,genre_400,HAS_GENRE,1
artist_713,genre_4,HAS_GENRE,1
artist_720,genre_6,HAS_GENRE,1
artist_720,genre_7,HAS_GENRE,1
artist_720,genre_4,HAS_GENRE,1
artist_721,genre_4,HAS_GENRE,1
artist_724,genre_22,HAS_GENRE,1
artist_724,genre_0,HAS_GENRE,1
artist_724,genre_327,HAS_GENRE,1
artist_729,genre_136,HAS_GENRE,1
artist_729,genre_20,HAS_GENRE,1
artist_729,genre_407,HAS_GENRE,1
artist_729,genre_9,HAS_GENRE,1
artist_729,genre_408,HAS_GENRE,1
artist_729,genre_409,HAS_GENRE,1
artist_729,genre_105,HAS_GENRE,1
artist_730,genre_22,HAS_GENRE,1
artist_730,genre_0,HAS_GENRE,1
artist_730,genre_24,HAS_GENRE,1
artist_730,genre_337,HAS_GENRE,1
artist_730,genre_69,HAS_GENRE,1
artist_730,genre_40,HAS_GENRE,1
artist_730,genre_25,HAS_GENRE,1
artist_730,genre_73,HAS_GENRE,1
artist_730,genre_412,HAS_GENRE,1
artist_730,genre_364,HAS_GENRE,1
artist_732,genre_2,HAS_GENRE,1
artist_732,genre_0,HAS_GENRE,1
artist_732,genre_413,HAS_GENRE,1
artist_732,genre_414,HAS_GENRE,1
artist_733,genre_314,HAS_GENRE,1
artist_734,genre_85,HAS_GENRE,1
artist_734,genre_4,HAS_GENRE,1
artist_734,genre_2,HAS_GENRE,1
artist_740,genre_314,HAS_GENRE,1
artist_740,genre_417,HAS_GENRE,1
artist_740,genre_90,HAS_GENRE,1
artist_742,genre_4,HAS_GENRE,1
artist_742,genre_52,HAS_GENRE,1
artist_742,genre_0,HAS_GENRE,1
artist_750,genre_4,HAS_GENRE,1
artist_750,genre_2,HAS_GENRE,1
artist_750,genre_6,HAS_GENRE,1
artist_752,genre_22,HAS_GENRE,1
artist_752,genre_418,HAS_GENRE,1
artist_752,genre_20,HAS_GENRE,1
artist_752,genre_23,HAS_GENRE,1
artist_752,genre_85,HAS_GENRE,1
artist_757,genre_419,HAS_GENRE,1
artist_757,genre_31,HAS_GENRE,1
artist_757,genre_420,HAS_GENRE,1
artist_757,genre_118,HAS_GENRE,1
artist_763,genre_124,HAS_GENRE,1
artist_763,genre_5,HAS_GENRE,1
artist_763,genre_2,HAS_GENRE,1
artist_763,genre_87,HAS_GENRE,1
artist_763,genre_85,HAS_GENRE,1
artist_766,genre_423,HAS_GENRE,1
artist_766,genre_424,HAS_GENRE,1
artist_766,genre_425,HAS_GENRE,1
artist_766,genre_31,HAS_GENRE,1
artist_766,genre_426,HAS_GENRE,1
artist_766,genre_427,HAS_GENRE,1
artist_766,genre_428,HAS_GENRE,1
artist_766,genre_244,HAS_GENRE,1
artist_769,genre_424,HAS_GENRE,1
artist_769,genre_425,HAS_GENRE,1
artist_769,genre_426,HAS_GENRE,1
artist_769,genre_432,HAS_GENRE,1
artist_769,genre_31,HAS_GENRE,1
artist_769,genre_433,HAS_GENRE,1
artist_769,genre_434,HAS_GENRE,1
artist_770,genre_0,HAS_GENRE,1
artist_770,genre_73,HAS_GENRE,1
artist_770,genre_85,HAS_GENRE,1
artist_770,genre_171,HAS_GENRE,1
artist_771,genre_4,HAS_GENRE,1
artist_771,genre_2,HAS_GENRE,1
artist_771,genre_87,HAS_GENRE,1
artist_771,genre_85,HAS_GENRE,1
artist_771,genre_0,HAS_GENRE,1
artist_771,genre_46,HAS_GENRE,1
artist_772,genre_0,HAS_GENRE,1
artist_772,genre_143,HAS_GENRE,1
artist_772,genre_20,HAS_GENRE,1
artist_772,genre_2,HAS_GENRE,1
artist_777,genre_38,HAS_GENRE,1
artist_777,genre_435,HAS_GENRE,1
artist_777,genre_71,HAS_GENRE,1
artist_777,genre_85,HAS_GENRE,1
artist_777,genre_70,HAS_GENRE,1
artist_782,genre_0,HAS_GENRE,1
artist_782,genre_22,HAS_GENRE,1
artist_782,genre_376,HAS_GENRE,1
artist_782,genre_347,HAS_GENRE,1
artist_784,genre_4,HAS_GENRE,1
artist_784,genre_2,HAS_GENRE,1
artist_785,genre_2,HAS_GENRE,1
artist_788,genre_4,HAS_GENRE,1
artist_788,genre_436,HAS_GENRE,1
artist_788,genre_437,HAS_GENRE,1
artist_788,genre_438,HAS_GENRE,1
artist_788,genre_439,HAS_GENRE,1
artist_788,genre_440,HAS_GENRE,1
artist_788,genre_441,HAS_GENRE,1
artist_789,genre_24,HAS_GENRE,1
artist_789,genre_91,HAS_GENRE,1
artist_790,genre_26,HAS_GENRE,1
artist_790,genre_25,HAS_GENRE,1
artist_793,genre_0,HAS_GENRE,1
artist_794,genre_35,HAS_GENRE,1
artist_794,genre_4,HAS_GENRE,1
artist_794,genre_2,HAS_GENRE,1
artist_794,genre_0,HAS_GENRE,1
artist_795,genre_87,HAS_GENRE,1
artist_795,genre_4,HAS_GENRE,1
artist_796,genre_22,HAS_GENRE,1
artist_796,genre_337,HAS_GENRE,1
artist_796,genre_73,HAS_GENRE,1
artist_799,genre_2,HAS_GENRE,1
artist_799,genre_4,HAS_GENRE,1
artist_803,genre_0,HAS_GENRE,1
artist_803,genre_54,HAS_GENRE,1
artist_803,genre_4,HAS_GENRE,1
artist_803,genre_444,HAS_GENRE,1
artist_803,genre_445,HAS_GENRE,1
artist_803,genre_446,HAS_GENRE,1
artist_803,genre_447,HAS_GENRE,1
artist_803,genre_448,HAS_GENRE,1
artist_806,genre_0,HAS_GENRE,1
artist_806,genre_22,HAS_GENRE,1
artist_810,genre_4,HAS_GENRE,1
artist_810,genre_279,HAS_GENRE,1
artist_815,genre_26,HAS_GENRE,1
artist_815,genre_217,HAS_GENRE,1
artist_815,genre_25,HAS_GENRE,1
artist_815,genre_18,HAS_GENRE,1
artist_816,genre_199,HAS_GENRE,1
artist_817,genre_17,HAS_GENRE,1
artist_817,genre_22,HAS_GENRE,1
artist_833,genre_191,HAS_GENRE,1
artist_834,genre_0,HAS_GENRE,1
artist_834,genre_22,HAS_GENRE,1
artist_834,genre_314,HAS_GENRE,1
artist_837,genre_4,HAS_GENRE,1
artist_837,genre_6,HAS_GENRE,1
artist_840,genre_0,HAS_GENRE,1
artist_840,genre_22,HAS_GENRE,1
artist_840,genre_54,HAS_GENRE,1
artist_840,genre_97,HAS_GENRE,1
artist_850,genre_183,HAS_GENRE,1
artist_850,genre_20,HAS_GENRE,1
artist_850,genre_261,HAS_GENRE,1
artist_852,genre_478,HAS_GENRE,1
artist_852,genre_31,HAS_GENRE,1
artist_852,genre_479,HAS_GENRE,1
artist_852,genre_385,HAS_GENRE,1
artist_853,genre_263,HAS_GENRE,1
artist_853,genre_4,HAS_GENRE,1
artist_858,genre_150,HAS_GENRE,1
artist_858,genre_17,HAS_GENRE,1
artist_858,genre_480,HAS_GENRE,1
artist_858,genre_40,HAS_GENRE,1
artist_858,genre_0,HAS_GENRE,1
artist_863,genre_0,HAS_GENRE,1
artist_863,genre_4,HAS_GENRE,1
artist_864,genre_6,HAS_GENRE,1
artist_864,genre_408,HAS_GENRE,1
artist_867,genre_17,HAS_GENRE,1
artist_867,genre_63,HAS_GENRE,1
artist_871,genre_2,HAS_GENRE,1
artist_871,genre_4,HAS_GENRE,1
artist_871,genre_0,HAS_GENRE,1
artist_871,genre_171,HAS_GENRE,1
artist_874,genre_482,HAS_GENRE,1
artist_874,genre_396,HAS_GENRE,1
artist_874,genre_483,HAS_GENRE,1
artist_874,genre_484,HAS_GENRE,1
artist_874,genre_485,HAS_GENRE,1
artist_874,genre_157,HAS_GENRE,1
artist_875,genre_279,HAS_GENRE,1
artist_875,genre_0,HAS_GENRE,1
artist_879,genre_0,HAS_GENRE,1
artist_879,genre_4,HAS_GENRE,1
artist_879,genre_486,HAS_GENRE,1
artist_879,genre_6,HAS_GENRE,1
artist_879,genre_22,HAS_GENRE,1
artist_879,genre_85,HAS_GENRE,1
artist_879,genre_487,HAS_GENRE,1
artist_880,genre_6,HAS_GENRE,1
artist_880,genre_491,HAS_GENRE,1
artist_880,genre_492,HAS_GENRE,1
artist_881,genre_493,HAS_GENRE,1
artist_881,genre_494,HAS_GENRE,1
artist_881,genre_495,HAS_GENRE,1
artist_881,genre_496,HAS_GENRE,1
artist_882,genre_74,HAS_GENRE,1
artist_888,genre_22,HAS_GENRE,1
artist_888,genre_0,HAS_GENRE,1
artist_888,genre_97,HAS_GENRE,1
artist_889,genre_0,HAS_GENRE,1
artist_892,genre_4,HAS_GENRE,1
artist_892,genre_0,HAS_GENRE,1
artist_892,genre_6,HAS_GENRE,1
artist_894,genre_54,HAS_GENRE,1
artist_894,genre_0,HAS_GENRE,1
artist_900,genre_4,HAS_GENRE,1
artist_900,genre_6,HAS_GENRE,1
artist_900,genre_5,HAS_GENRE,1
artist_900,genre_498,HAS_GENRE,1
artist_900,genre_499,HAS_GENRE,1
artist_900,genre_500,HAS_GENRE,1
artist_900,genre_501,HAS_GENRE,1
artist_900,genre_406,HAS_GENRE,1
artist_903,genre_0,HAS_GENRE,1
artist_903,genre_4,HAS_GENRE,1
artist_904,genre_480,HAS_GENRE,1
artist_904,genre_150,HAS_GENRE,1
artist_904,genre_503,HAS_GENRE,1
artist_904,genre_40,HAS_GENRE,1
artist_904,genre_504,HAS_GENRE,1
artist_904,genre_505,HAS_GENRE,1
artist_904,genre_506,HAS_GENRE,1
artist_907,genre_4,HAS_GENRE,1
artist_907,genre_0,HAS_GENRE,1
artist_918,genre_0,HAS_GENRE,1
artist_918,genre_4,HAS_GENRE,1
artist_925,genre_319,HAS_GENRE,1
artist_925,genre_318,HAS_GENRE,1
artist_925,genre_320,HAS_GENRE,1
artist_926,genre_0,HAS_GENRE,1
artist_926,genre_22,HAS_GENRE,1
artist_926,genre_91,HAS_GENRE,1
artist_926,genre_17,HAS_GENRE,1
artist_934,genre_85,HAS_GENRE,1
artist_934,genre_4,HAS_GENRE,1
artist_934,genre_2,HAS_GENRE,1
artist_934,genre_5,HAS_GENRE,1
artist_934,genre_54,HAS_GENRE,1
artist_934,genre_87,HAS_GENRE,1
artist_934,genre_509,HAS_GENRE,1
artist_935,genre_510,HAS_GENRE,1
artist_937,genre_136,HAS_GENRE,1
artist_937,genre_409,HAS_GENRE,1
artist_937,genre_9,HAS_GENRE,1
artist_937,genre_20,HAS_GENRE,1
artist_940,genre_54,HAS_GENRE,1
artist_943,genre_17,HAS_GENRE,1
artist_943,genre_2,HAS_GENRE,1
artist_946,genre_0,HAS_GENRE,1
artist_946,genre_4,HAS_GENRE,1
artist_946,genre_17,HAS_GENRE,1
artist_947,genre_33,HAS_GENRE,1
artist_947,genre_0,HAS_GENRE,1
artist_948,genre_4,HAS_GENRE,1
artist_948,genre_0,HAS_GENRE,1
artist_948,genre_6,HAS_GENRE,1
artist_949,genre_6,HAS_GENRE,1
artist_949,genre_513,HAS_GENRE,1
artist_949,genre_4,HAS_GENRE,1
artist_950,genre_17,HAS_GENRE,1
artist_950,genre_2,HAS_GENRE,1
artist_954,genre_0,HAS_GENRE,1
artist_954,genre_4,HAS_GENRE,1
artist_954,genre_164,HAS_GENRE,1
artist_954,genre_17,HAS_GENRE,1
artist_959,genre_29,HAS_GENRE,1
artist_959,genre_54,HAS_GENRE,1
artist_961,genre_17,HAS_GENRE,1
artist_961,genre_518,HAS_GENRE,1
artist_961,genre_4,HAS_GENRE,1
artist_961,genre_125,HAS_GENRE,1
artist_965,genre_274,HAS_GENRE,1
artist_965,genre_275,HAS_GENRE,1
artist_965,genre_276,HAS_GENRE,1
artist_973,genre_324,HAS_GENRE,1
artist_973,genre_17,HAS_GENRE,1
artist_974,genre_0,HAS_GENRE,1
artist_974,genre_22,HAS_GENRE,1
artist_974,genre_17,HAS_GENRE,1
artist_974,genre_20,HAS_GENRE,1
artist_974,genre_41,HAS_GENRE,1
artist_974,genre_252,HAS_GENRE,1
artist_974,genre_165,HAS_GENRE,1
artist_978,genre_261,HAS_GENRE,1
artist_978,genre_524,HAS_GENRE,1
artist_978,genre_525,HAS_GENRE,1
artist_978,genre_146,HAS_GENRE,1
artist_980,genre_4,HAS_GENRE,1
artist_987,genre_526,HAS_GENRE,1
artist_987,genre_31,HAS_GENRE,1
artist_1001,genre_528,HAS_GENRE,1
artist_1001,genre_20,HAS_GENRE,1
artist_1001,genre_63,HAS_GENRE,1
artist_1001,genre_106,HAS_GENRE,1
artist_1001,genre_103,HAS_GENRE,1
artist_1001,genre_213,HAS_GENRE,1
artist_1002,genre_0,HAS_GENRE,1
artist_1002,genre_4,HAS_GENRE,1
artist_1002,genre_22,HAS_GENRE,1
artist_1002,genre_52,HAS_GENRE,1
artist_1002,genre_5,HAS_GENRE,1
artist_1002,genre_2,HAS_GENRE,1
artist_1012,genre_530,HAS_GENRE,1
artist_1014,genre_4,HAS_GENRE,1
artist_1020,genre_40,HAS_GENRE,1
artist_1020,genre_20,HAS_GENRE,1
artist_1020,genre_93,HAS_GENRE,1
artist_1020,genre_208,HAS_GENRE,1
artist_1025,genre_0,HAS_GENRE,1
artist_1025,genre_4,HAS_GENRE,1
artist_1025,genre_22,HAS_GENRE,1
artist_1025,genre_2,HAS_GENRE,1
artist_1025,genre_87,HAS_GENRE,1
artist_1025,genre_5,HAS_GENRE,1
artist_1025,genre_52,HAS_GENRE,1
artist_1030,genre_6,HAS_GENRE,1
artist_1030,genre_4,HAS_GENRE,1
artist_1030,genre_20,HAS_GENRE,1
artist_1033,genre_46,HAS_GENRE,1
artist_1033,genre_0,HAS_GENRE,1
artist_1037,genre_0,HAS_GENRE,1
artist_1037,genre_17,HAS_GENRE,1
artist_1037,genre_29,HAS_GENRE,1
artist_1037,genre_192,HAS_GENRE,1
artist_1051,genre_61,HAS_GENRE,1
artist_1051,genre_62,HAS_GENRE,1
artist_1051,genre_4,HAS_GENRE,1
artist_1057,genre_0,HAS_GENRE,1
artist_1057,genre_54,HAS_GENRE,1
artist_1057,genre_4,HAS_GENRE,1
artist_1061,genre_4,HAS_GENRE,1
artist_1066,genre_20,HAS_GENRE,1
artist_1066,genre_556,HAS_GENRE,1
artist_1066,genre_338,HAS_GENRE,1
artist_1068,genre_4,HAS_GENRE,1
artist_1068,genre_2,HAS_GENRE,1
artist_1068,genre_85,HAS_GENRE,1
artist_1071,genre_0,HAS_GENRE,1
artist_1071,genre_46,HAS_GENRE,1
artist_1077,genre_135,HAS_GENRE,1
artist_1077,genre_25,HAS_GENRE,1
artist_1082,genre_566,HAS_GENRE,1
artist_1082,genre_31,HAS_GENRE,1
artist_1082,genre_567,HAS_GENRE,1
artist_1082,genre_568,HAS_GENRE,1
artist_1083,genre_46,HAS_GENRE,1
artist_1094,genre_570,HAS_GENRE,1
artist_1102,genre_0,HAS_GENRE,1
artist_1121,genre_579,HAS_GENRE,1
artist_1121,genre_580,HAS_GENRE,1
artist_1121,genre_581,HAS_GENRE,1
artist_1121,genre_582,HAS_GENRE,1
artist_1121,genre_583,HAS_GENRE,1
artist_1123,genre_0,HAS_GENRE,1
artist_1123,genre_4,HAS_GENRE,1
artist_1125,genre_4,HAS_GENRE,1
artist_1134,genre_20,HAS_GENRE,1
artist_1134,genre_218,HAS_GENRE,1
artist_1134,genre_25,HAS_GENRE,1
artist_1134,genre_135,HAS_GENRE,1
artist_1142,genre_55,HAS_GENRE,1
artist_1146,genre_46,HAS_GENRE,1
artist_1147,genre_386,HAS_GENRE,1
artist_1147,genre_0,HAS_GENRE,1
artist_1148,genre_19,HAS_GENRE,1
artist_1148,genre_589,HAS_GENRE,1
artist_1148,genre_25,HAS_GENRE,1
artist_1148,genre_26,HAS_GENRE,1
artist_1148,genre_590,HAS_GENRE,1
artist_1151,genre_4,HAS_GENRE,1
artist_1151,genre_0,HAS_GENRE,1
artist_1151,genre_7,HAS_GENRE,1
artist_1159,genre_593,HAS_GENRE,1
artist_1161,genre_24,HAS_GENRE,1
artist_1161,genre_63,HAS_GENRE,1
artist_1161,genre_164,HAS_GENRE,1
artist_1162,genre_0,HAS_GENRE,1
artist_1162,genre_2,HAS_GENRE,1
artist_1162,genre_22,HAS_GENRE,1
artist_1162,genre_85,HAS_GENRE,1
artist_1162,genre_71,HAS_GENRE,1
artist_1172,genre_6,HAS_GENRE,1
artist_1172,genre_341,HAS_GENRE,1
artist_1176,genre_0,HAS_GENRE,1
artist_1180,genre_91,HAS_GENRE,1
artist_1180,genre_20,HAS_GENRE,1
artist_1180,genre_63,HAS_GENRE,1
artist_1180,genre_40,HAS_GENRE,1
artist_1187,genre_597,HAS_GENRE,1
artist_1187,genre_46,HAS_GENRE,1
artist_1187,genre_4,HAS_GENRE,1
artist_1187,genre_598,HAS_GENRE,1
artist_1187,genre_599,HAS_GENRE,1
artist_1187,genre_600,HAS_GENRE,1
artist_1187,genre_601,HAS_GENRE,1
artist_1188,genre_0,HAS_GENRE,1
artist_1194,genre_97,HAS_GENRE,1
artist_1194,genre_17,HAS_GENRE,1
artist_1194,genre_261,HAS_GENRE,1
artist_1194,genre_576,HAS_GENRE,1
artist_1194,genre_87,HAS_GENRE,1
artist_1194,genre_5,HAS_GENRE,1
artist_1195,genre_22,HAS_GENRE,1
artist_1195,genre_213,HAS_GENRE,1
artist_1199,genre_4,HAS_GENRE,1
artist_1200,genre_96,HAS_GENRE,1
artist_1200,genre_17,HAS_GENRE,1
artist_1203,genre_4,HAS_GENRE,1
artist_1203,genre_2,HAS_GENRE,1
artist_1203,genre_5,HAS_GENRE,1
artist_1204,genre_0,HAS_GENRE,1
artist_1204,genre_324,HAS_GENRE,1
artist_1213,genre_606,HAS_GENRE,1
artist_1213,genre_607,HAS_GENRE,1
artist_1213,genre_608,HAS_GENRE,1
artist_1213,genre_609,HAS_GENRE,1
artist_1213,genre_610,HAS_GENRE,1
artist_1215,genre_0,HAS_GENRE,1
artist_1216,genre_6,HAS_GENRE,1
artist_1216,genre_5,HAS_GENRE,1
artist_1216,genre_4,HAS_GENRE,1
artist_1216,genre_576,HAS_GENRE,1
artist_1220,genre_6,HAS_GENRE,1
artist_1220,genre_2,HAS_GENRE,1
artist_1220,genre_223,HAS_GENRE,1
artist_1220,genre_5,HAS_GENRE,1
artist_1220,genre_4,HAS_GENRE,1
artist_1221,genre_54,HAS_GENRE,1
artist_1221,genre_85,HAS_GENRE,1
artist_1221,genre_4,HAS_GENRE,1
artist_1228,genre_20,HAS_GENRE,1
artist_1228,genre_612,HAS_GENRE,1
artist_1228,genre_17,HAS_GENRE,1
artist_1231,genre_6,HAS_GENRE,1
artist_1233,genre_164,HAS_GENRE,1
artist_1233,genre_54,HAS_GENRE,1
artist_1233,genre_235,HAS_GENRE,1
artist_1233,genre_613,HAS_GENRE,1
artist_1240,genre_85,HAS_GENRE,1
artist_1240,genre_614,HAS_GENRE,1
artist_1240,genre_615,HAS_GENRE,1
artist_1240,genre_0,HAS_GENRE,1
artist_1245,genre_616,HAS_GENRE,1
artist_1245,genre_56,HAS_GENRE,1
artist_1245,genre_54,HAS_GENRE,1
artist_1245,genre_75,HAS_GENRE,1
artist_1249,genre_6,HAS_GENRE,1
artist_1249,genre_7,HAS_GENRE,1
artist_1249,genre_4,HAS_GENRE,1
artist_1250,genre_0,HAS_GENRE,1
artist_1250,genre_17,HAS_GENRE,1
artist_1250,genre_46,HAS_GENRE,1
artist_1250,genre_6,HAS_GENRE,1
artist_1251,genre_261,HAS_GENRE,1
artist_1251,genre_314,HAS_GENRE,1
artist_1259,genre_4,HAS_GENRE,1
artist_1259,genre_0,HAS_GENRE,1
artist_1259,genre_5,HAS_GENRE,1
artist_1259,genre_54,HAS_GENRE,1
artist_1259,genre_22,HAS_GENRE,1
artist_1260,genre_55,HAS_GENRE,1
artist_1260,genre_17,HAS_GENRE,1
artist_1260,genre_41,HAS_GENRE,1
artist_1261,genre_22,HAS_GENRE,1
artist_1261,genre_528,HAS_GENRE,1
artist_1261,genre_20,HAS_GENRE,1
artist_1261,genre_125,HAS_GENRE,1
artist_1266,genre_0,HAS_GENRE,1
artist_1266,genre_54,HAS_GENRE,1
artist_1267,genre_144,HAS_GENRE,1
artist_1267,genre_4,HAS_GENRE,1
artist_1267,genre_0,HAS_GENRE,1
artist_1267,genre_11,HAS_GENRE,1
artist_1267,genre_235,HAS_GENRE,1
artist_1267,genre_93,HAS_GENRE,1
artist_1267,genre_182,HAS_GENRE,1
artist_1269,genre_4,HAS_GENRE,1
artist_1269,genre_0,HAS_GENRE,1
artist_1269,genre_46,HAS_GENRE,1
artist_1269,genre_223,HAS_GENRE,1
artist_1273,genre_244,HAS_GENRE,1
artist_1275,genre_624,HAS_GENRE,1
artist_1275,genre_4,HAS_GENRE,1
artist_1279,genre_0,HAS_GENRE,1
artist_1279,genre_4,HAS_GENRE,1
artist_1279,genre_334,HAS_GENRE,1
artist_1280,genre_416,HAS_GENRE,1
artist_1280,genre_29,HAS_GENRE,1
artist_1280,genre_334,HAS_GENRE,1
artist_1280,genre_4,HAS_GENRE,1
artist_1280,genre_139,HAS_GENRE,1
artist_1283,genre_0,HAS_GENRE,1
artist_1283,genre_54,HAS_GENRE,1
artist_1284,genre_41,HAS_GENRE,1
artist_1284,genre_314,HAS_GENRE,1
artist_1284,genre_20,HAS_GENRE,1
artist_1288,genre_34,HAS_GENRE,1
artist_1288,genre_627,HAS_GENRE,1
artist_1288,genre_4,HAS_GENRE,1
artist_1288,genre_468,HAS_GENRE,1
artist_1290,genre_0,HAS_GENRE,1
artist_1290,genre_54,HAS_GENRE,1
artist_1290,genre_312,HAS_GENRE,1
artist_1291,genre_631,HAS_GENRE,1
artist_1291,genre_632,HAS_GENRE,1
artist_1291,genre_633,HAS_GENRE,1
artist_1291,genre_634,HAS_GENRE,1
artist_1291,genre_635,HAS_GENRE,1
artist_1291,genre_636,HAS_GENRE,1
artist_1291,genre_637,HAS_GENRE,1
artist_1293,genre_4,HAS_GENRE,1
artist_1293,genre_0,HAS_GENRE,1
artist_1293,genre_2,HAS_GENRE,1
artist_1298,genre_0,HAS_GENRE,1
artist_1298,genre_4,HAS_GENRE,1
artist_1299,genre_17,HAS_GENRE,1
artist_1299,genre_143,HAS_GENRE,1
artist_1301,genre_0,HAS_GENRE,1
artist_1302,genre_29,HAS_GENRE,1
artist_1302,genre_196,HAS_GENRE,1
artist_1306,genre_17,HAS_GENRE,1
artist_1306,genre_314,HAS_GENRE,1
artist_1311,genre_63,HAS_GENRE,1
artist_1311,genre_125,HAS_GENRE,1
artist_1311,genre_640,HAS_GENRE,1
artist_1312,genre_0,HAS_GENRE,1
artist_1312,genre_73,HAS_GENRE,1
artist_1312,genre_4,HAS_GENRE,1
artist_1312,genre_198,HAS_GENRE,1
artist_1319,genre_642,HAS_GENRE,1
artist_1319,genre_643,HAS_GENRE,1
artist_1319,genre_644,HAS_GENRE,1
artist_1319,genre_645,HAS_GENRE,1
artist_1321,genre_2,HAS_GENRE,1
artist_1321,genre_4,HAS_GENRE,1
artist_1321,genre_5,HAS_GENRE,1
artist_1325,genre_0,HAS_GENRE,1
artist_1325,genre_73,HAS_GENRE,1
artist_1333,genre_401,HAS_GENRE,1
artist_1333,genre_26,HAS_GENRE,1
artist_1333,genre_646,HAS_GENRE,1
artist_1334,genre_38,HAS_GENRE,1
artist_1334,genre_70,HAS_GENRE,1
artist_1335,genre_0,HAS_GENRE,1
artist_1335,genre_22,HAS_GENRE,1
artist_1335,genre_24,HAS_GENRE,1
artist_1335,genre_69,HAS_GENRE,1
artist_1335,genre_73,HAS_GENRE,1
artist_1341,genre_0,HAS_GENRE,1
artist_1341,genre_4,HAS_GENRE,1
artist_1341,genre_2,HAS_GENRE,1
artist_1341,genre_17,HAS_GENRE,1
artist_1341,genre_6,HAS_GENRE,1
artist_1350,genre_29,HAS_GENRE,1
artist_1350,genre_4,HAS_GENRE,1
artist_1350,genre_7,HAS_GENRE,1
artist_1352,genre_4,HAS_GENRE,1
artist_1352,genre_6,HAS_GENRE,1
artist_1352,genre_0,HAS_GENRE,1
artist_1353,genre_135,HAS_GENRE,1
artist_1353,genre_40,HAS_GENRE,1
artist_1353,genre_630,HAS_GENRE,1
artist_1353,genre_150,HAS_GENRE,1
artist_1363,genre_309,HAS_GENRE,1
artist_1363,genre_338,HAS_GENRE,1
artist_1363,genre_89,HAS_GENRE,1
artist_1365,genre_6,HAS_GENRE,1
artist_1365,genre_4,HAS_GENRE,1
artist_1372,genre_105,HAS_GENRE,1
artist_1372,genre_22,HAS_GENRE,1
artist_1372,genre_0,HAS_GENRE,1
artist_1378,genre_651,HAS_GENRE,1
artist_1378,genre_652,HAS_GENRE,1
artist_1378,genre_653,HAS_GENRE,1
artist_1378,genre_654,HAS_GENRE,1
artist_1378,genre_655,HAS_GENRE,1
artist_1381,genre_565,HAS_GENRE,1
artist_1381,genre_0,HAS_GENRE,1
artist_1381,genre_250,HAS_GENRE,1
artist_1381,genre_85,HAS_GENRE,1
artist_1385,genre_0,HAS_GENRE,1
artist_1385,genre_17,HAS_GENRE,1
artist_1385,genre_656,HAS_GENRE,1
artist_1389,genre_659,HAS_GENRE,1
artist_1389,genre_89,HAS_GENRE,1
artist_1389,genre_309,HAS_GENRE,1
artist_1389,genre_24,HAS_GENRE,1
artist_1390,genre_0,HAS_GENRE,1
artist_1390,genre_87,HAS_GENRE,1
artist_1390,genre_4,HAS_GENRE,1
artist_1390,genre_22,HAS_GENRE,1
artist_1390,genre_5,HAS_GENRE,1
artist_1394,genre_415,HAS_GENRE,1
artist_1394,genre_41,HAS_GENRE,1
artist_1394,genre_660,HAS_GENRE,1
artist_1394,genre_20,HAS_GENRE,1
artist_1394,genre_661,HAS_GENRE,1
artist_1394,genre_662,HAS_GENRE,1
artist_1394,genre_31,HAS_GENRE,1
artist_1399,genre_0,HAS_GENRE,1
artist_1399,genre_4,HAS_GENRE,1
artist_1399,genre_663,HAS_GENRE,1
artist_1406,genre_22,HAS_GENRE,1
artist_1406,genre_0,HAS_GENRE,1
artist_1406,genre_666,HAS_GENRE,1
artist_1414,genre_667,HAS_GENRE,1
artist_1414,genre_668,HAS_GENRE,1
artist_1414,genre_669,HAS_GENRE,1
artist_1414,genre_670,HAS_GENRE,1
artist_1414,genre_671,HAS_GENRE,1
artist_1414,genre_672,HAS_GENRE,1
artist_1421,genre_0,HAS_GENRE,1
artist_1421,genre_4,HAS_GENRE,1
artist_1421,genre_2,HAS_GENRE,1
artist_1422,genre_34,HAS_GENRE,1
artist_1422,genre_154,HAS_GENRE,1
artist_1422,genre_0,HAS_GENRE,1
artist_1427,genre_0,HAS_GENRE,1
artist_1427,genre_2,HAS_GENRE,1
artist_1427,genre_4,HAS_GENRE,1
artist_1427,genre_87,HAS_GENRE,1
artist_1427,genre_85,HAS_GENRE,1
artist_1431,genre_0,HAS_GENRE,1
artist_1434,genre_17,HAS_GENRE,1
artist_1434,genre_75,HAS_GENRE,1
artist_1434,genre_4,HAS_GENRE,1
artist_1435,genre_0,HAS_GENRE,1
artist_1435,genre_673,HAS_GENRE,1
artist_1435,genre_327,HAS_GENRE,1
artist_1435,genre_29,HAS_GENRE,1
artist_1435,genre_7,HAS_GENRE,1
artist_1437,genre_0,HAS_GENRE,1
artist_1439,genre_87,HAS_GENRE,1
artist_1439,genre_5,HAS_GENRE,1
artist_1439,genre_2,HAS_GENRE,1
artist_1440,genre_0,HAS_GENRE,1
artist_1441,genre_0,HAS_GENRE,1
artist_1441,genre_54,HAS_GENRE,1
artist_1441,genre_29,HAS_GENRE,1
artist_1450,genre_679,HAS_GENRE,1
artist_1450,genre_20,HAS_GENRE,1
artist_1450,genre_0,HAS_GENRE,1
artist_1450,genre_680,HAS_GENRE,1
artist_1458,genre_4,HAS_GENRE,1
artist_1458,genre_35,HAS_GENRE,1
artist_1458,genre_0,HAS_GENRE,1
artist_1458,genre_2,HAS_GENRE,1
artist_1459,genre_4,HAS_GENRE,1
artist_1459,genre_0,HAS_GENRE,1
artist_1459,genre_6,HAS_GENRE,1
artist_1460,genre_22,HAS_GENRE,1
artist_1460,genre_684,HAS_GENRE,1
artist_1460,genre_0,HAS_GENRE,1
artist_1460,genre_685,HAS_GENRE,1
artist_1460,genre_2,HAS_GENRE,1
artist_1462,genre_0,HAS_GENRE,1
artist_1462,genre_17,HAS_GENRE,1
artist_1464,genre_93,HAS_GENRE,1
artist_1464,genre_199,HAS_GENRE,1
artist_1464,genre_108,HAS_GENRE,1
artist_1464,genre_0,HAS_GENRE,1
artist_1464,genre_196,HAS_GENRE,1
artist_1465,genre_686,HAS_GENRE,1
artist_1465,genre_0,HAS_GENRE,1
artist_1465,genre_17,HAS_GENRE,1
artist_1470,genre_4,HAS_GENRE,1
artist_1470,genre_2,HAS_GENRE,1
artist_1474,genre_22,HAS_GENRE,1
artist_1474,genre_73,HAS_GENRE,1
artist_1474,genre_17,HAS_GENRE,1
artist_1474,genre_4,HAS_GENRE,1
artist_1483,genre_0,HAS_GENRE,1
artist_1483,genre_29,HAS_GENRE,1
artist_1483,genre_17,HAS_GENRE,1
artist_1484,genre_443,HAS_GENRE,1
artist_1484,genre_0,HAS_GENRE,1
artist_1484,genre_4,HAS_GENRE,1
artist_1484,genre_2,HAS_GENRE,1
artist_1487,genre_334,HAS_GENRE,1
artist_1490,genre_2,HAS_GENRE,1
artist_1490,genre_191,HAS_GENRE,1
artist_1490,genre_24,HAS_GENRE,1
artist_1493,genre_0,HAS_GENRE,1
artist_1494,genre_0,HAS_GENRE,1
artist_1494,genre_54,HAS_GENRE,1
artist_1504,genre_467,HAS_GENRE,1
artist_1504,genre_688,HAS_GENRE,1
artist_1504,genre_273,HAS_GENRE,1
artist_1505,genre_96,HAS_GENRE,1
artist_1506,genre_0,HAS_GENRE,1
artist_1506,genre_85,HAS_GENRE,1
artist_1507,genre_96,HAS_GENRE,1
artist_1507,genre_17,HAS_GENRE,1
artist_1507,genre_563,HAS_GENRE,1
artist_1507,genre_4,HAS_GENRE,1
artist_1507,genre_54,HAS_GENRE,1
artist_1508,genre_0,HAS_GENRE,1
artist_1508,genre_4,HAS_GENRE,1
artist_1516,genre_0,HAS_GENRE,1
artist_1516,genre_17,HAS_GENRE,1
artist_1518,genre_0,HAS_GENRE,1
artist_1518,genre_4,HAS_GENRE,1
artist_1519,genre_22,HAS_GENRE,1
artist_1519,genre_0,HAS_GENRE,1
artist_1519,genre_697,HAS_GENRE,1
artist_1519,genre_125,HAS_GENRE,1
artist_1520,genre_698,HAS_GENRE,1
artist_1520,genre_699,HAS_GENRE,1
artist_1520,genre_31,HAS_GENRE,1
artist_1520,genre_700,HAS_GENRE,1
artist_1520,genre_701,HAS_GENRE,1
artist_1520,genre_244,HAS_GENRE,1
artist_1522,genre_4,HAS_GENRE,1
artist_1522,genre_0,HAS_GENRE,1
artist_1522,genre_2,HAS_GENRE,1
artist_1522,genre_6,HAS_GENRE,1
artist_1522,genre_46,HAS_GENRE,1
artist_1522,genre_17,HAS_GENRE,1
artist_1523,genre_20,HAS_GENRE,1
artist_1523,genre_63,HAS_GENRE,1
artist_1524,genre_22,HAS_GENRE,1
artist_1524,genre_528,HAS_GENRE,1
artist_1524,genre_20,HAS_GENRE,1
artist_1528,genre_0,HAS_GENRE,1
artist_1532,genre_0,HAS_GENRE,1
artist_1532,genre_2,HAS_GENRE,1
artist_1532,genre_22,HAS_GENRE,1
artist_1542,genre_22,HAS_GENRE,1
artist_1542,genre_0,HAS_GENRE,1
artist_1546,genre_709,HAS_GENRE,1
artist_1546,genre_710,HAS_GENRE,1
artist_1547,genre_29,HAS_GENRE,1
artist_1547,genre_711,HAS_GENRE,1
artist_1547,genre_4,HAS_GENRE,1
artist_1548,genre_0,HAS_GENRE,1
artist_1548,genre_17,HAS_GENRE,1
artist_1548,genre_418,HAS_GENRE,1
artist_1550,genre_91,HAS_GENRE,1
artist_1550,genre_199,HAS_GENRE,1
artist_1550,genre_467,HAS_GENRE,1
artist_1556,genre_17,HAS_GENRE,1
artist_1556,genre_0,HAS_GENRE,1
artist_1556,genre_20,HAS_GENRE,1
artist_1556,genre_713,HAS_GENRE,1
artist_1556,genre_714,HAS_GENRE,1
artist_1556,genre_715,HAS_GENRE,1
artist_1560,genre_54,HAS_GENRE,1
artist_1562,genre_0,HAS_GENRE,1
artist_1563,genre_717,HAS_GENRE,1
artist_1563,genre_416,HAS_GENRE,1
album_8,genre_4,HAS_GENRE,1
album_8,genre_6,HAS_GENRE,1
album_8,genre_20,HAS_GENRE,1
album_8,genre_199,HAS_GENRE,1
album_20,genre_41,HAS_GENRE,1
album_20,genre_22,HAS_GENRE,1
album_20,genre_73,HAS_GENRE,1
album_20,genre_40,HAS_GENRE,1
album_20,genre_25,HAS_GENRE,1
album_48,genre_16,HAS_GENRE,1
album_83,genre_87,HAS_GENRE,1
album_83,genre_85,HAS_GENRE,1
album_83,genre_54,HAS_GENRE,1
album_83,genre_0,HAS_GENRE,1
album_83,genre_2,HAS_GENRE,1
album_83,genre_4,HAS_GENRE,1
album_225,genre_85,HAS_GENRE,1
album_225,genre_116,HAS_GENRE,1
album_225,genre_0,HAS_GENRE,1
album_225,genre_2,HAS_GENRE,1
album_225,genre_5,HAS_GENRE,1
album_225,genre_4,HAS_GENRE,1
album_246,genre_4,HAS_GENRE,1
album_246,genre_85,HAS_GENRE,1
album_246,genre_100,HAS_GENRE,1
album_246,genre_99,HAS_GENRE,1
album_246,genre_102,HAS_GENRE,1
album_246,genre_350,HAS_GENRE,1
album_246,genre_349,HAS_GENRE,1
album_246,genre_23,HAS_GENRE,1
album_246,genre_101,HAS_GENRE,1
album_246,genre_348,HAS_GENRE,1
album_246,genre_34,HAS_GENRE,1
album_246,genre_2,HAS_GENRE,1
album_246,genre_18,HAS_GENRE,1
album_266,genre_482,HAS_GENRE,1
album_266,genre_483,HAS_GENRE,1
album_266,genre_396,HAS_GENRE,1
album_266,genre_485,HAS_GENRE,1
album_266,genre_484,HAS_GENRE,1
album_266,genre_157,HAS_GENRE,1
album_335,genre_158,HAS_GENRE,1
album_335,genre_136,HAS_GENRE,1
album_335,genre_20,HAS_GENRE,1
album_335,genre_137,HAS_GENRE,1
album_335,genre_25,HAS_GENRE,1
album_335,genre_26,HAS_GENRE,1
album_335,genre_17,HAS_GENRE,1
album_335,genre_135,HAS_GENRE,1
album_335,genre_138,HAS_GENRE,1
album_335,genre_4,HAS_GENRE,1
album_354,genre_373,HAS_GENRE,1
album_354,genre_189,HAS_GENRE,1
album_384,genre_0,HAS_GENRE,1
album_384,genre_2,HAS_GENRE,1
album_384,genre_5,HAS_GENRE,1
album_384,genre_4,HAS_GENRE,1
album_411,genre_145,HAS_GENRE,1
album_503,genre_22,HAS_GENRE,1
album_503,genre_85,HAS_GENRE,1
album_503,genre_144,HAS_GENRE,1
album_503,genre_23,HAS_GENRE,1
album_503,genre_2,HAS_GENRE,1
album_503,genre_5,HAS_GENRE,1
album_503,genre_4,HAS_GENRE,1
album_521,genre_2,HAS_GENRE,1
album_521,genre_17,HAS_GENRE,1
album_576,genre_165,HAS_GENRE,1
album_576,genre_0,HAS_GENRE,1
album_576,genre_29,HAS_GENRE,1
album_576,genre_4,HAS_GENRE,1
album_622,genre_6,HAS_GENRE,1
album_622,genre_0,HAS_GENRE,1
album_622,genre_2,HAS_GENRE,1
album_622,genre_4,HAS_GENRE,1
album_702,genre_467,HAS_GENRE,1
album_702,genre_688,HAS_GENRE,1
album_702,genre_273,HAS_GENRE,1
album_730,genre_189,HAS_GENRE,1
album_730,genre_29,HAS_GENRE,1
album_730,genre_6,HAS_GENRE,1
album_730,genre_273,HAS_GENRE,1
album_730,genre_199,HAS_GENRE,1
album_730,genre_272,HAS_GENRE,1
album_730,genre_54,HAS_GENRE,1
album_730,genre_17,HAS_GENRE,1
album_730,genre_0,HAS_GENRE,1
album_730,genre_46,HAS_GENRE,1
album_762,genre_183,HAS_GENRE,1
album_762,genre_261,HAS_GENRE,1
album_762,genre_20,HAS_GENRE,1
album_785,genre_61,HAS_GENRE,1
album_785,genre_196,HAS_GENRE,1
album_785,genre_28,HAS_GENRE,1
album_785,genre_54,HAS_GENRE,1
album_971,genre_246,HAS_GENRE,1
album_971,genre_6,HAS_GENRE,1
album_971,genre_4,HAS_GENRE,1
album_1025,genre_7,HAS_GENRE,1
album_1025,genre_29,HAS_GENRE,1
album_1025,genre_4,HAS_GENRE,1
album_1036,genre_467,HAS_GENRE,1
album_1036,genre_273,HAS_GENRE,1
album_1036,genre_54,HAS_GENRE,1
album_1036,genre_0,HAS_GENRE,1
album_1036,genre_688,HAS_GENRE,1
album_1094,genre_11,HAS_GENRE,1
album_1094,genre_93,HAS_GENRE,1
album_1094,genre_144,HAS_GENRE,1
album_1094,genre_235,HAS_GENRE,1
album_1094,genre_6,HAS_GENRE,1
album_1094,genre_182,HAS_GENRE,1
album_1094,genre_0,HAS_GENRE,1
album_1094,genre_2,HAS_GENRE,1
album_1094,genre_46,HAS_GENRE,1
album_1094,genre_17,HAS_GENRE,1
album_1094,genre_4,HAS_GENRE,1
album_1110,genre_313,HAS_GENRE,1
album_1110,genre_0,HAS_GENRE,1
album_1110,genre_17,HAS_GENRE,1
album_1125,genre_0,HAS_GENRE,1
album_1125,genre_663,HAS_GENRE,1
album_1125,genre_4,HAS_GENRE,1
album_1130,genre_467,HAS_GENRE,1
album_1130,genre_688,HAS_GENRE,1
album_1130,genre_273,HAS_GENRE,1
album_1132,genre_467,HAS_GENRE,1
album_1132,genre_688,HAS_GENRE,1
album_1132,genre_273,HAS_GENRE,1
album_1178,genre_321,HAS_GENRE,1
album_1178,genre_22,HAS_GENRE,1
album_1178,genre_125,HAS_GENRE,1
album_1178,genre_208,HAS_GENRE,1
album_1178,genre_40,HAS_GENRE,1
album_1178,genre_209,HAS_GENRE,1
album_1178,genre_211,HAS_GENRE,1
album_1178,genre_3,HAS_GENRE,1
album_1178,genre_74,HAS_GENRE,1
album_1180,genre_321,HAS_GENRE,1
album_1180,genre_136,HAS_GENRE,1
album_1180,genre_22,HAS_GENRE,1
album_1180,genre_125,HAS_GENRE,1
album_1180,genre_409,HAS_GENRE,1
album_1180,genre_9,HAS_GENRE,1
album_1180,genre_208,HAS_GENRE,1
album_1180,genre_20,HAS_GENRE,1
album_1180,genre_40,HAS_GENRE,1
album_1180,genre_209,HAS_GENRE,1
album_1180,genre_211,HAS_GENRE,1
album_1180,genre_3,HAS_GENRE,1
album_1180,genre_74,HAS_GENRE,1
album_1209,genre_2,HAS_GENRE,1
album_1209,genre_4,HAS_GENRE,1
album_1229,genre_108,HAS_GENRE,1
album_1229,genre_93,HAS_GENRE,1
album_1229,genre_199,HAS_GENRE,1
album_1229,genre_196,HAS_GENRE,1
album_1229,genre_0,HAS_GENRE,1
album_1249,genre_346,HAS_GENRE,1
album_1264,genre_7,HAS_GENRE,1
album_1264,genre_29,HAS_GENRE,1
album_1264,genre_4,HAS_GENRE,1
album_1284,genre_6,HAS_GENRE,1
album_1284,genre_0,HAS_GENRE,1
album_1284,genre_4,HAS_GENRE,1
album_1294,genre_0,HAS_GENRE,1
album_1327,genre_0,HAS_GENRE,1
album_1327,genre_2,HAS_GENRE,1
album_1327,genre_87,HAS_GENRE,1
album_1327,genre_4,HAS_GENRE,1
album_1329,genre_281,HAS_GENRE,1
album_1329,genre_337,HAS_GENRE,1
album_1329,genre_155,HAS_GENRE,1
album_1329,genre_34,HAS_GENRE,1
album_1329,genre_351,HAS_GENRE,1
album_1329,genre_18,HAS_GENRE,1
album_1342,genre_353,HAS_GENRE,1
album_1342,genre_354,HAS_GENRE,1
album_1342,genre_352,HAS_GENRE,1
album_1343,genre_91,HAS_GENRE,1
album_1343,genre_22,HAS_GENRE,1
album_1343,genre_0,HAS_GENRE,1
album_1343,genre_52,HAS_GENRE,1
album_1343,genre_20,HAS_GENRE,1
album_1343,genre_361,HAS_GENRE,1
album_1343,genre_359,HAS_GENRE,1
album_1343,genre_2,HAS_GENRE,1
album_1343,genre_357,HAS_GENRE,1
album_1343,genre_360,HAS_GENRE,1
album_1343,genre_17,HAS_GENRE,1
album_1343,genre_3,HAS_GENRE,1
album_1343,genre_149,HAS_GENRE,1
album_1343,genre_358,HAS_GENRE,1
album_1343,genre_5,HAS_GENRE,1
album_1343,genre_4,HAS_GENRE,1
album_1402,genre_334,HAS_GENRE,1
album_1402,genre_17,HAS_GENRE,1
album_1402,genre_75,HAS_GENRE,1
album_1402,genre_54,HAS_GENRE,1
album_1423,genre_0,HAS_GENRE,1
album_1423,genre_4,HAS_GENRE,1
album_1449,genre_467,HAS_GENRE,1
album_1449,genre_688,HAS_GENRE,1
album_1449,genre_273,HAS_GENRE,1
album_1450,genre_199,HAS_GENRE,1
album_1450,genre_387,HAS_GENRE,1
album_1450,genre_235,HAS_GENRE,1
album_1450,genre_386,HAS_GENRE,1
album_1450,genre_312,HAS_GENRE,1
album_1450,genre_166,HAS_GENRE,1
album_1500,genre_413,HAS_GENRE,1
album_1500,genre_0,HAS_GENRE,1
album_1500,genre_2,HAS_GENRE,1
album_1500,genre_414,HAS_GENRE,1
album_1529,genre_2,HAS_GENRE,1
album_1529,genre_85,HAS_GENRE,1
album_1529,genre_4,HAS_GENRE,1
album_1535,genre_424,HAS_GENRE,1
album_1535,genre_425,HAS_GENRE,1
album_1535,genre_428,HAS_GENRE,1
album_1535,genre_423,HAS_GENRE,1
album_1535,genre_426,HAS_GENRE,1
album_1535,genre_31,HAS_GENRE,1
album_1535,genre_244,HAS_GENRE,1
album_1535,genre_427,HAS_GENRE,1
album_1797,genre_0,HAS_GENRE,1
album_1797,genre_2,HAS_GENRE,1
album_1797,genre_54,HAS_GENRE,1
album_1797,genre_17,HAS_GENRE,1
album_1971,genre_2,HAS_GENRE,1
album_1971,genre_17,HAS_GENRE,1
album_1972,genre_0,HAS_GENRE,1
album_1972,genre_2,HAS_GENRE,1
album_1972,genre_54,HAS_GENRE,1
album_1972,genre_17,HAS_GENRE,1
album_2016,genre_530,HAS_GENRE,1
album_2017,genre_530,HAS_GENRE,1
album_2108,genre_61,HAS_GENRE,1
album_2108,genre_4,HAS_GENRE,1
album_2108,genre_62,HAS_GENRE,1
album_2113,genre_61,HAS_GENRE,1
album_2113,genre_4,HAS_GENRE,1
album_2113,genre_62,HAS_GENRE,1
album_2127,genre_2,HAS_GENRE,1
album_2127,genre_85,HAS_GENRE,1
album_2127,genre_4,HAS_GENRE,1
album_2274,genre_63,HAS_GENRE,1
album_2274,genre_164,HAS_GENRE,1
album_2274,genre_24,HAS_GENRE,1
album_2313,genre_223,HAS_GENRE,1
album_2313,genre_6,HAS_GENRE,1
album_2313,genre_2,HAS_GENRE,1
album_2313,genre_5,HAS_GENRE,1
album_2313,genre_4,HAS_GENRE,1
album_2318,genre_223,HAS_GENRE,1
album_2318,genre_6,HAS_GENRE,1
album_2318,genre_2,HAS_GENRE,1
album_2318,genre_5,HAS_GENRE,1
album_2318,genre_4,HAS_GENRE,1
album_2399,genre_11,HAS_GENRE,1
album_2399,genre_93,HAS_GENRE,1
album_2399,genre_144,HAS_GENRE,1
album_2399,genre_235,HAS_GENRE,1
album_2399,genre_6,HAS_GENRE,1
album_2399,genre_182,HAS_GENRE,1
album_2399,genre_0,HAS_GENRE,1
album_2399,genre_2,HAS_GENRE,1
album_2399,genre_46,HAS_GENRE,1
album_2399,genre_17,HAS_GENRE,1
album_2399,genre_4,HAS_GENRE,1
album_2400,genre_11,HAS_GENRE,1
album_2400,genre_93,HAS_GENRE,1
album_2400,genre_144,HAS_GENRE,1
album_2400,genre_235,HAS_GENRE,1
album_2400,genre_6,HAS_GENRE,1
album_2400,genre_182,HAS_GENRE,1
album_2400,genre_0,HAS_GENRE,1
album_2400,genre_2,HAS_GENRE,1
album_2400,genre_46,HAS_GENRE,1
album_2400,genre_17,HAS_GENRE,1
album_2400,genre_4,HAS_GENRE,1
album_2401,genre_244,HAS_GENRE,1
album_2449,genre_0,HAS_GENRE,1
album_2449,genre_4,HAS_GENRE,1
album_2505,genre_0,HAS_GENRE,1
album_2505,genre_6,HAS_GENRE,1
album_2505,genre_4,HAS_GENRE,1
album_2521,genre_4,HAS_GENRE,1
album_2521,genre_6,HAS_GENRE,1
album_2651,genre_467,HAS_GENRE,1
album_2651,genre_688,HAS_GENRE,1
album_2651,genre_273,HAS_GENRE,1
